job_title_short,job_title,job_location,job_via,job_schedule_type,job_work_from_home,search_location,job_posted_date,job_no_degree_mention,job_health_insurance,job_country,salary_rate,salary_year_avg,salary_hour_avg,company_name,job_skills,job_type_skills,job_posted_month
Senior Data Engineer,Senior Clinical Data Engineer / Principal Clinical Data Engineer ...,"Watertown, CT",via Work Nearby,Full-time,False,"Texas, United States",2023-06-16 13:44:15,False,False,United States,,,,Boehringer Ingelheim,,,Jun
Data Analyst,Data Analyst,"Guadalajara, Jalisco, Mexico",via BeBee México,Full-time,False,Mexico,2023-01-14 13:18:07,False,False,Mexico,,,,Hewlett Packard Enterprise,"['r', 'python', 'sql', 'nosql', 'power bi', 'tableau']","{'analyst_tools': ['power bi', 'tableau'], 'programming': ['r', 'python', 'sql', 'nosql']}",Jan
Data Engineer,"Data Engineer/Scientist/Analyst, Mid or Senior (m/f/x)","Berlin, Germany",via LinkedIn,Full-time,False,Germany,2023-10-10 13:14:55,False,False,Germany,,,,ALPHA Augmented Services,"['python', 'sql', 'c#', 'azure', 'airflow', 'dax', 'docker', 'kubernetes', 'jenkins']","{'analyst_tools': ['dax'], 'cloud': ['azure'], 'libraries': ['airflow'], 'other': ['docker', 'kubernetes', 'jenkins'], 'programming': ['python', 'sql', 'c#']}",Oct
Data Engineer,LEAD ENGINEER - PRINCIPAL ANALYST - PRINCIPAL ENGINEER -  DATA...,"San Antonio, TX",via Diversity.com,Full-time,False,"Texas, United States",2023-07-04 13:01:41,True,False,United States,,,,Southwest Research Institute,"['python', 'c++', 'java', 'matlab', 'aws', 'tensorflow', 'keras', 'pytorch']","{'cloud': ['aws'], 'libraries': ['tensorflow', 'keras', 'pytorch'], 'programming': ['python', 'c++', 'java', 'matlab']}",Jul
Data Engineer,Data Engineer- Sr Jobs,"Washington, DC",via Clearance Jobs,Full-time,False,Sudan,2023-08-07 14:29:36,False,False,Sudan,,,,Kristina Daniel,"['bash', 'python', 'oracle', 'aws', 'ansible', 'puppet', 'jenkins', 'gitlab', 'git']","{'cloud': ['oracle', 'aws'], 'other': ['ansible', 'puppet', 'jenkins', 'gitlab', 'git'], 'programming': ['bash', 'python']}",Aug
Data Engineer,GCP Data Engineer,Anywhere,via ZipRecruiter,Contractor and Temp work,True,Georgia,2023-11-07 14:01:59,False,False,United States,,,,smart folks inc,"['python', 'sql', 'gcp']","{'cloud': ['gcp'], 'programming': ['python', 'sql']}",Nov
Senior Data Engineer,Senior Data Engineer  - GCP Cloud,"Dearborn, MI",via LinkedIn,Full-time,False,"Florida, United States",2023-03-27 13:18:18,False,False,United States,,,,"Miracle Software Systems, Inc","['sql', 'python', 'java', 'sql server', 'gcp', 'bigquery', 'hadoop']","{'cloud': ['gcp', 'bigquery'], 'databases': ['sql server'], 'libraries': ['hadoop'], 'programming': ['sql', 'python', 'java']}",Mar
Data Engineer,Data Engineer,Anywhere,via LinkedIn,Full-time,True,Romania,2023-12-07 13:40:49,False,False,Romania,,,,Zitec,"['sql', 'nosql', 'gcp', 'azure', 'aws', 'bigquery', 'databricks', 'redshift', 'airflow', 'kafka', 'spark']","{'cloud': ['gcp', 'azure', 'aws', 'bigquery', 'databricks', 'redshift'], 'libraries': ['airflow', 'kafka', 'spark'], 'programming': ['sql', 'nosql']}",Dec
Business Analyst,Technology & Operations Business Analyst,"Copenhagen, Denmark",via Trabajo.org,Full-time,False,Denmark,2023-06-05 13:44:34,False,False,Denmark,,,,Hempel,"['excel', 'powerpoint', 'power bi']","{'analyst_tools': ['excel', 'powerpoint', 'power bi']}",Jun
Data Scientist,Data Scientist II,Anywhere,via ZipRecruiter,Full-time,True,"New York, United States",2023-04-23 13:02:57,False,False,United States,,,,"Radwell International, LLC","['sql', 'python', 'r', 'mongodb', 'mongodb', 'sql server', 'azure', 'pandas', 'spark', 'windows', 'excel']","{'analyst_tools': ['excel'], 'cloud': ['azure'], 'databases': ['mongodb', 'sql server'], 'libraries': ['pandas', 'spark'], 'os': ['windows'], 'programming': ['sql', 'python', 'r', 'mongodb']}",Apr
Data Engineer,Erfahrene*r Data Engineer*in (m/w/d),"Basel, Switzerland",via LinkedIn,Full-time,False,Switzerland,2023-04-17 13:27:32,True,False,Switzerland,,,,ROCKEN®,"['python', 'databricks', 'azure', 'spark']","{'cloud': ['databricks', 'azure'], 'libraries': ['spark'], 'programming': ['python']}",Apr
Data Engineer,Data Engineer,"Colorado Springs, CO   (+3 others)",via The Muse,Full-time,False,"Texas, United States",2023-11-03 13:06:51,False,True,United States,,,,Philips,"['python', 'qlik']","{'analyst_tools': ['qlik'], 'programming': ['python']}",Nov
Data Analyst,Stagiaire Data Analyst (H/F) - Lyon (69006),"Lyon, France",via Jobijoba,Full-time and Internship,False,France,2023-12-22 13:24:41,False,False,France,,,,Engie,"['sql', 'php', 'excel', 'power bi', 'sap', 'jira']","{'analyst_tools': ['excel', 'power bi', 'sap'], 'async': ['jira'], 'programming': ['sql', 'php']}",Dec
Senior Data Engineer,Senior Data Engineer,"New York, NY",via LinkedIn,Full-time,False,"Texas, United States",2023-11-15 13:08:52,True,True,United States,,,,Nayya,"['python', 'sql', 'go', 'ruby', 'ruby', 'javascript', 'aws', 'flask', 'fastapi', 'terraform']","{'cloud': ['aws'], 'other': ['terraform'], 'programming': ['python', 'sql', 'go', 'ruby', 'javascript'], 'webframeworks': ['ruby', 'flask', 'fastapi']}",Nov
Data Engineer,Data Engineer,"Rio de Janeiro, State of Rio de Janeiro, Brazil",via BeBee,Full-time,False,Brazil,2023-07-13 13:17:51,False,False,Brazil,,,,Oowlish,"['mongodb', 'mongodb']","{'databases': ['mongodb'], 'programming': ['mongodb']}",Jul
Data Engineer,Data Engineer,"Aberdeen, UK",via LinkedIn,Temp work,False,United Kingdom,2023-10-19 13:37:16,False,False,United Kingdom,,,,Orion Group,"['python', 'sql', 'power bi']","{'analyst_tools': ['power bi'], 'programming': ['python', 'sql']}",Oct
Data Engineer,Big Data Engineer,"Pune, Maharashtra, India",via LinkedIn,Full-time,False,India,2023-06-15 13:28:03,False,False,India,,,,Hexaware Technologies,"['powershell', 'python', 'sql', 'mysql', 'sql server', 'databricks', 'azure']","{'cloud': ['databricks', 'azure'], 'databases': ['mysql', 'sql server'], 'programming': ['powershell', 'python', 'sql']}",Jun
Data Scientist,Data Science Team Lead,"Laurel, MD",via APL Careers - Johns Hopkins University Applied Physics Laboratory,Full-time,False,Georgia,2023-06-13 13:25:17,False,True,United States,,,,Johns Hopkins Applied Physics Laboratory,"['go', 'apl', 'excel']","{'analyst_tools': ['excel'], 'programming': ['go', 'apl']}",Jun
Data Analyst,Data Analyst,"Warsaw, Poland",via Praca Trabajo.org,Full-time,False,Poland,2023-10-16 13:36:54,False,False,Poland,,,,Glovo,"['sql', 'python', 'r', 'redshift', 'pandas', 'excel', 'looker', 'tableau']","{'analyst_tools': ['excel', 'looker', 'tableau'], 'cloud': ['redshift'], 'libraries': ['pandas'], 'programming': ['sql', 'python', 'r']}",Oct
Data Scientist,Data Scientist,"Pune, Maharashtra, India",via Indeed,Full-time,False,India,2023-04-26 13:20:12,False,False,India,,,,Bitwise Solutions,"['r', 'sql', 'python', 'scala', 'java', 'c++', 'hadoop', 'tableau']","{'analyst_tools': ['tableau'], 'libraries': ['hadoop'], 'programming': ['r', 'sql', 'python', 'scala', 'java', 'c++']}",Apr
Data Scientist,Data Scientist,"Zaventem, Belgium",via BeBee Belgique,Full-time,False,Belgium,2023-01-31 13:53:38,False,False,Belgium,,,,Devoteam,"['r', 'python', 'sql', 'pandas', 'numpy', 'scikit-learn', 'matplotlib', 'hadoop', 'spark']","{'libraries': ['pandas', 'numpy', 'scikit-learn', 'matplotlib', 'hadoop', 'spark'], 'programming': ['r', 'python', 'sql']}",Jan
Data Scientist,Stage - data scientist – génération ia de données synthétiques H/F,"Asnières-sur-Seine, France",via Jobijoba,Full-time,False,France,2023-02-23 13:41:21,False,False,France,,,,Credit Agricole,,,Feb
Data Engineer,Data Engineer / Développeur·euse Big Data F/H,"Nantes, France",via LinkedIn,Full-time,False,France,2023-09-05 13:16:18,False,False,France,,,,onepoint,"['sql', 'scala', 'java', 'python', 'mongodb', 'mongodb', 'elasticsearch', 'cassandra', 'neo4j', 'aws', 'azure', 'gcp', 'hadoop', 'spark', 'airflow', 'kafka', 'docker', 'kubernetes']","{'cloud': ['aws', 'azure', 'gcp'], 'databases': ['mongodb', 'elasticsearch', 'cassandra', 'neo4j'], 'libraries': ['hadoop', 'spark', 'airflow', 'kafka'], 'other': ['docker', 'kubernetes'], 'programming': ['sql', 'scala', 'java', 'python', 'mongodb']}",Sep
Machine Learning Engineer,"PhD position in computer science (NLP, finance)",Russia,via hh.ru,Full-time,False,Russia,2023-09-30 13:52:00,False,False,Russia,,,,Грешнев Олег Владимирович,"['python', 'r']","{'programming': ['python', 'r']}",Sep
Data Scientist,Data Scientist (DataLab Team),Anywhere,via LinkedIn,Full-time,True,Serbia,2023-06-27 13:46:46,False,False,Serbia,,,,Semrush,['python'],{'programming': ['python']},Jun
Senior Data Analyst,"Senior Officer, Data Analyst, GTO",Singapore,via BeBee Singapore,Full-time,False,Singapore,2023-06-23 13:56:10,True,False,Singapore,,,,United Overseas Bank,['sql'],{'programming': ['sql']},Jun
Data Engineer,Data Engineer,United States,via LinkedIn,Full-time,False,Georgia,2023-09-15 13:56:18,True,False,United States,,,,Infinite Computer Solutions,,,Sep
Data Engineer,"Principal Data Engineer (Lead), Knowledge Graphs and Data Semantics","San Francisco, CA",via LinkedIn,Full-time,False,Georgia,2023-02-18 13:31:24,False,False,United States,,,,Altos Labs,"['python', 'r', 'java']","{'programming': ['python', 'r', 'java']}",Feb
Data Scientist,CRM Data Specialist,"San José Province, San José, Costa Rica",via Ai-Jobs.net,Full-time,False,Costa Rica,2023-08-01 13:37:57,False,False,Costa Rica,year,109500.0,,Netskope,"['gdpr', 'excel']","{'analyst_tools': ['excel'], 'libraries': ['gdpr']}",Aug
Data Scientist,Data Scientist,"Pune, Maharashtra, India",via Exusia,Full-time,False,India,2023-03-26 13:16:20,False,False,India,,,,Exusia,,,Mar
Senior Data Engineer,Senior Data Engineer (Work from home Eligible),"Wilmington, DE",via WDHN Jobs,Full-time,False,"Texas, United States",2023-03-29 13:32:03,False,True,United States,,,,Capital One,"['scala', 'python', 'nosql', 'mongo', 'shell', 'mysql', 'cassandra', 'redshift', 'snowflake', 'aws', 'azure', 'hadoop', 'kafka', 'spark']","{'cloud': ['redshift', 'snowflake', 'aws', 'azure'], 'databases': ['mysql', 'cassandra'], 'libraries': ['hadoop', 'kafka', 'spark'], 'programming': ['scala', 'python', 'nosql', 'mongo', 'shell']}",Mar
Data Analyst,Stage - Data Analyst F/H,"Paris, France",via LinkedIn,Full-time and Internship,False,France,2023-10-19 13:59:31,False,False,France,,,,GROUPE BON MARCHÉ : Le Bon Marché Rive Gauche et La Grande Epicerie de Paris.,['sql'],{'programming': ['sql']},Oct
Data Scientist,Sr. Data Scientist (NLP) - Full-time / Part-time,"Dallas, TX",via Snagajob,Full-time,False,"Texas, United States",2023-03-13 13:07:03,False,True,United States,,,,MCKESSON,"['python', 'azure', 'databricks', 'pyspark', 'pandas', 'hadoop', 'spark', 'nltk']","{'cloud': ['azure', 'databricks'], 'libraries': ['pyspark', 'pandas', 'hadoop', 'spark', 'nltk'], 'programming': ['python']}",Mar
Data Engineer,Data Engineer,"County Westmeath, Ireland",via Indeed,Full-time,False,Ireland,2023-06-26 13:54:47,False,False,Ireland,,,,Eolas Recruitment,"['sql', 'python', 'r', 'azure', 'databricks', 'pyspark', 'flow']","{'cloud': ['azure', 'databricks'], 'libraries': ['pyspark'], 'other': ['flow'], 'programming': ['sql', 'python', 'r']}",Jun
Data Analyst,Data Analyst als Marketing Manager Automation (W/D/M),"Erlangen, Germany",via Central Illinois Proud Jobs,Full-time,False,Germany,2023-02-23 13:31:28,True,False,Germany,,,,DEFACTO GmbH,['sap'],{'analyst_tools': ['sap']},Feb
Data Engineer,Data Engineer - Royal Canin,"St Charles, MO",via My ArkLaMiss Jobs,Full-time,False,"California, United States",2023-02-17 13:10:21,True,True,United States,,,,Mars,"['python', 'sql', 'neo4j', 'databricks', 'azure', 'spark', 'pyspark', 'flask']","{'cloud': ['databricks', 'azure'], 'databases': ['neo4j'], 'libraries': ['spark', 'pyspark'], 'programming': ['python', 'sql'], 'webframeworks': ['flask']}",Feb
Data Analyst,Data Analyst,"Des Moines, IA",via Trabajo.org,Full-time,False,"Illinois, United States",2023-11-06 13:01:22,False,True,United States,,,,Assuredpartners,,,Nov
Data Engineer,Data Engineer III - Now Hiring,"Boston, MA",via Snagajob,Full-time,False,"Illinois, United States",2023-07-10 13:08:19,False,True,United States,,,,American Family Mutual Insurance Company,"['python', 'sql', 'nosql', 'aws', 'gcp', 'azure', 'spark', 'hadoop', 'docker', 'terraform', 'jenkins', 'git']","{'cloud': ['aws', 'gcp', 'azure'], 'libraries': ['spark', 'hadoop'], 'other': ['docker', 'terraform', 'jenkins', 'git'], 'programming': ['python', 'sql', 'nosql']}",Jul
Data Analyst,Data Quality and Governance Analyst 1,India,via Trabajo.org,Full-time,False,India,2023-07-23 13:24:57,False,False,India,,,,"Jones Lang LaSalle IP, Inc","['sql', 'python', 'databricks', 'power bi', 'excel', 'word', 'powerpoint']","{'analyst_tools': ['power bi', 'excel', 'word', 'powerpoint'], 'cloud': ['databricks'], 'programming': ['sql', 'python']}",Jul
Data Engineer,Data Engineer,"Fort Worth, TX",via LinkedIn,Full-time,False,"Texas, United States",2023-01-25 13:24:01,False,False,United States,,,,Programmers.io,"['sql', 'python']","{'programming': ['sql', 'python']}",Jan
Data Scientist,"Data Scientist, Data Strategy and Analytics","Alameda, CA",via Trabajo.org,Full-time,False,"California, United States",2023-04-26 13:05:10,False,False,United States,,,,Abbott,,,Apr
Data Scientist,Data Scientist I,"Paris, KY",via Jobs By Care,Full-time,False,Georgia,2023-11-13 14:59:39,False,False,United States,,,,Appalachian Regional Healthcare,"['r', 'sql', 'python', 'scala', 'java', 'c++', 'hadoop', 'tableau']","{'analyst_tools': ['tableau'], 'libraries': ['hadoop'], 'programming': ['r', 'sql', 'python', 'scala', 'java', 'c++']}",Nov
Senior Data Engineer,"Senior Data Engineer(Python)-1563,1637&1633","Chennai, Tamil Nadu, India",via HR Software For Growing Businesses | Freshteam,Full-time,False,India,2023-11-10 13:30:41,True,False,India,,,,CESIT,"['python', 'sql', 'aws', 'pyspark', 'docker', 'jira']","{'async': ['jira'], 'cloud': ['aws'], 'libraries': ['pyspark'], 'other': ['docker'], 'programming': ['python', 'sql']}",Nov
Senior Data Engineer,Sr SQL Database Engineer with Data Warehouse / Data Modeling,,via LinkedIn,Contractor,False,"Texas, United States",2023-09-13 13:06:55,True,False,United States,hour,,97.5,Phaxis,"['sql', 'sql server']","{'databases': ['sql server'], 'programming': ['sql']}",Sep
Data Scientist,Binance Accelerator Program - Data Scientist (Risk Management),Singapore,via LinkedIn,Contractor,False,Singapore,2023-04-12 13:53:26,False,False,Singapore,,,,Binance,"['python', 'java', 'scala']","{'programming': ['python', 'java', 'scala']}",Apr
Senior Data Analyst,Senior Data Analyst,"Leeds, UK",via My Stateline Jobs,Full-time,False,United Kingdom,2023-05-30 13:14:08,True,False,United Kingdom,,,,Corecom Consulting,"['sql', 'python']","{'programming': ['sql', 'python']}",May
Data Analyst,"Data Analyst (Bangkok Based, relocation provided)","Rome, Metropolitan City of Rome Capital, Italy",via LinkedIn,Full-time,False,Italy,2023-10-30 13:13:21,False,False,Italy,,,,Agoda,"['sas', 'sas', 'r', 'python', 'vba', 'sql', 'java', 'sql server', 'pandas', 'spss', 'tableau', 'excel', 'power bi']","{'analyst_tools': ['sas', 'spss', 'tableau', 'excel', 'power bi'], 'databases': ['sql server'], 'libraries': ['pandas'], 'programming': ['sas', 'r', 'python', 'vba', 'sql', 'java']}",Oct
Senior Data Engineer,Senior Data Engineering,"Kuala Lumpur, Federal Territory of Kuala Lumpur, Malaysia",via Trabajo.org,Full-time,False,Malaysia,2023-05-06 14:15:59,True,False,Malaysia,,,,Agensi Pekerjaan BTC Sdn Bhd,"['sql', 'python', 'scala', 'nosql', 'java', 'c', 'spark', 'hadoop', 'kafka', 'power bi', 'microstrategy', 'cognos', 'sap']","{'analyst_tools': ['power bi', 'microstrategy', 'cognos', 'sap'], 'libraries': ['spark', 'hadoop', 'kafka'], 'programming': ['sql', 'python', 'scala', 'nosql', 'java', 'c']}",May
Cloud Engineer,Lead Qa Engineer,"Ciudad Nezahualcóyotl, State of Mexico, Mexico",via BeBee,Full-time,False,Mexico,2023-11-11 14:06:06,False,False,Mexico,,,,Zipdev,"['javascript', 'python', 'gcp', 'aws', 'selenium']","{'cloud': ['gcp', 'aws'], 'libraries': ['selenium'], 'programming': ['javascript', 'python']}",Nov
Senior Data Scientist,Data Senior H/F,"Neuilly-Plaisance, France",via BeBee,Full-time,False,France,2023-09-16 13:21:00,False,False,France,,,,Sage,['excel'],{'analyst_tools': ['excel']},Sep
Machine Learning Engineer,Sr ML Engineer - Research & NLP (Remote),"Toronto, ON, Canada",via Careers At BenchSci,Full-time,False,Canada,2023-08-24 13:40:48,False,False,Canada,,,,BenchSci,"['python', 'sql', 'pytorch', 'pandas']","{'libraries': ['pytorch', 'pandas'], 'programming': ['python', 'sql']}",Aug
Senior Data Engineer,Senior Data Engineer,Anywhere,via LinkedIn,Contractor,True,"Illinois, United States",2023-06-21 13:09:39,False,False,United States,hour,,72.5,Aditi Consulting,"['python', 'java', 'aws', 'databricks', 'spark']","{'cloud': ['aws', 'databricks'], 'libraries': ['spark'], 'programming': ['python', 'java']}",Jun
Data Scientist,Data Scientist SME or Program Manager,"Austin, TX",via LinkedIn,Contractor,False,"Texas, United States",2023-11-16 13:03:10,False,False,United States,,,,Mavinsys,"['sql', 'html', 'css', 'javascript', 'lua', 'redshift', 'snowflake', 'databricks', 'linux', 'tableau', 'git']","{'analyst_tools': ['tableau'], 'cloud': ['redshift', 'snowflake', 'databricks'], 'os': ['linux'], 'other': ['git'], 'programming': ['sql', 'html', 'css', 'javascript', 'lua']}",Nov
Data Engineer,Data Engineer,"San Mateo, CA",via LinkedIn,Full-time,False,"California, United States",2023-01-28 13:07:30,False,True,United States,,,,Verkada,"['sql', 'python', 'aws', 'looker']","{'analyst_tools': ['looker'], 'cloud': ['aws'], 'programming': ['sql', 'python']}",Jan
Data Engineer,Data and Analytics Engineer,"San Antonio, TX",via Trabajo.org,Full-time,False,"Texas, United States",2023-09-15 13:07:12,False,False,United States,,,,PwC,"['snowflake', 'spark', 'hadoop', 'tableau', 'qlik']","{'analyst_tools': ['tableau', 'qlik'], 'cloud': ['snowflake'], 'libraries': ['spark', 'hadoop']}",Sep
Data Scientist,Data Scientist,"São Paulo, State of São Paulo, Brazil",via BeBee,Full-time,False,Brazil,2023-01-03 23:02:27,False,False,Brazil,,,,Mars,"['python', 'sql', 'azure']","{'cloud': ['azure'], 'programming': ['python', 'sql']}",Jan
Senior Data Scientist,Principal Statistical Scientist,Anywhere,via LinkedIn,Full-time,True,Ireland,2023-01-31 13:54:44,False,False,Ireland,,,,Thermo Fisher Scientific,,,Jan
Data Engineer,Data Engineer,"Montevideo, Montevideo Department, Uruguay",via LinkedIn Uruguay,Full-time,False,Uruguay,2023-08-24 14:07:42,True,False,Uruguay,,,,Eightroom,"['sql', 'mysql', 'postgresql', 'sql server', 'aws', 'azure', 'power bi', 'tableau']","{'analyst_tools': ['power bi', 'tableau'], 'cloud': ['aws', 'azure'], 'databases': ['mysql', 'postgresql', 'sql server'], 'programming': ['sql']}",Aug
Senior Data Scientist,Senior Data Scientist,"Paris, France",via Emplois Trabajo.org,Full-time,False,France,2023-01-14 13:14:25,False,False,France,,,,Europcar Mobility Group,"['python', 'aws', 'gcp']","{'cloud': ['aws', 'gcp'], 'programming': ['python']}",Jan
Data Engineer,Data Engineer with Dremio Experience,"Toronto, ON, Canada",via LinkedIn,Contractor,False,Canada,2023-08-28 13:35:13,True,False,Canada,,,,Iris Software Inc.,"['sql', 'hadoop', 'kubernetes']","{'libraries': ['hadoop'], 'other': ['kubernetes'], 'programming': ['sql']}",Aug
Business Analyst,Business Intelligence Intern,"Dallas, TX",via LinkedIn,Full-time,False,"Texas, United States",2023-01-04 13:02:07,False,False,United States,,,,Copart,"['r', 'python', 'sql', 'tableau', 'power bi']","{'analyst_tools': ['tableau', 'power bi'], 'programming': ['r', 'python', 'sql']}",Jan
Data Engineer,Data Engineer,"Cincinnati, OH",via SimplyHired,Full-time,False,"Texas, United States",2023-01-22 13:08:53,False,False,United States,,,,Divisions Maintenance Group,"['sql', 'nosql', 'python', 'java', 'c++', 'scala', 'cassandra', 'hadoop', 'spark', 'kafka']","{'databases': ['cassandra'], 'libraries': ['hadoop', 'spark', 'kafka'], 'programming': ['sql', 'nosql', 'python', 'java', 'c++', 'scala']}",Jan
Data Scientist,Data Scientist,"Austin, TX",via BeBee,Full-time,False,Sudan,2023-02-17 14:01:39,False,True,Sudan,,,,ClosedLoop,"['python', 'go']","{'programming': ['python', 'go']}",Feb
Data Engineer,Full Stack Data Engineer,"Limerick, Ireland",via Trabajo.org,Full-time,False,Ireland,2023-02-12 13:53:18,True,False,Ireland,,,,Qptech Ltd,"['sql', 'mongodb', 'mongodb', 'python', 'dynamodb', 'azure', 'aws', 'hadoop', 'gdpr', 'jenkins', 'docker', 'kubernetes']","{'cloud': ['azure', 'aws'], 'databases': ['mongodb', 'dynamodb'], 'libraries': ['hadoop', 'gdpr'], 'other': ['jenkins', 'docker', 'kubernetes'], 'programming': ['sql', 'mongodb', 'python']}",Feb
Senior Data Analyst,Senior Data Analyst,"Berlin, Germany",via BeBee,Full-time,False,Germany,2023-11-25 13:13:39,True,False,Germany,,,,Stepstone GmbH,,,Nov
Data Engineer,System Reliability Engineer (Big Data),Missouri,via SmartRecruiters Job Search,Full-time,False,"California, United States",2023-06-16 13:43:03,True,False,United States,,,,Fulcrum Digital Inc.,"['sql', 'hadoop', 'spark', 'jenkins', 'chef', 'flow']","{'libraries': ['hadoop', 'spark'], 'other': ['jenkins', 'chef', 'flow'], 'programming': ['sql']}",Jun
Business Analyst,BI Engineer,Namibia,via Intellijobs.ai,Full-time,False,Namibia,2023-03-05 14:10:49,False,False,Namibia,,,,Innover,"['sql', 'gcp', 'looker', 'tableau']","{'analyst_tools': ['looker', 'tableau'], 'cloud': ['gcp'], 'programming': ['sql']}",Mar
Data Analyst,Stage - Data Analyste Finance H/F,"Paris, France",via Emplois Trabajo.org,Full-time and Internship,False,France,2023-11-07 13:37:53,False,False,France,,,,Kepler Cheuvreux,['excel'],{'analyst_tools': ['excel']},Nov
Data Analyst,Sr. Research Data Analyst,"Baltimore, MD",via ZipRecruiter,Full-time,False,"New York, United States",2023-03-24 13:01:00,False,False,United States,,,,Johns Hopkins Medicine,"['r', 'zoom']","{'programming': ['r'], 'sync': ['zoom']}",Mar
Software Engineer,Software Engineer in Data Warehouse,"Tallinn, Estonia",via LinkedIn Estonia,Full-time,False,Estonia,2023-01-17 13:36:23,False,False,Estonia,,,,Swedbank,['sql'],{'programming': ['sql']},Jan
Senior Data Scientist,Sr Principal Data Scientist/ML Engineer,"Little Rock, AR",via Trabajo.org,Full-time,False,Sudan,2023-06-17 14:10:13,False,True,Sudan,,,,Oracle,"['python', 'go', 'oracle', 'scikit-learn', 'tensorflow', 'pytorch']","{'cloud': ['oracle'], 'libraries': ['scikit-learn', 'tensorflow', 'pytorch'], 'programming': ['python', 'go']}",Jun
Business Analyst,Business Analyst,"Tel Aviv-Yafo, Israel",via Comeet,Full-time,False,Israel,2023-09-05 13:50:12,False,False,Israel,,,,ironSource,"['sql', 'excel']","{'analyst_tools': ['excel'], 'programming': ['sql']}",Sep
Software Engineer,Performance Analyst,"Budapest, Hungary",via LinkedIn Hungary,Full-time,False,Hungary,2023-05-16 13:25:17,True,False,Hungary,,,,Diageo,['power bi'],{'analyst_tools': ['power bi']},May
Data Analyst,Entry level / Systems Data Analyst (Remote),Anywhere,via LinkedIn,Contractor,True,"Illinois, United States",2023-06-16 13:18:22,True,True,United States,,,,Soft Magic,"['word', 'excel', 'powerpoint', 'outlook']","{'analyst_tools': ['word', 'excel', 'powerpoint', 'outlook']}",Jun
Data Analyst,Data Entry/Economic Data Analyst,"Worcester, UK",via BeBee,Full-time,False,United Kingdom,2023-11-01 13:11:18,False,False,United Kingdom,,,,ttgTalentSolutions,"['sql', 'r', 'python', 'tableau', 'power bi']","{'analyst_tools': ['tableau', 'power bi'], 'programming': ['sql', 'r', 'python']}",Nov
Data Scientist,Data Scientist,"Villach, Austria",via Jobs Trabajo.org,Full-time and Part-time,False,Austria,2023-11-22 13:22:56,False,False,Austria,,,,Infineon Technologies AG,"['perl', 'python', 'sql', 'r', 'matlab', 'javascript', 'linux', 'git', 'jira']","{'async': ['jira'], 'os': ['linux'], 'other': ['git'], 'programming': ['perl', 'python', 'sql', 'r', 'matlab', 'javascript']}",Nov
Data Analyst,Data Analyst - 14785091749,Anywhere,via Jobgether,Full-time,True,Philippines,2023-08-26 13:13:26,False,False,Philippines,,,,Support Shepherd,"['sql', 'python', 'r', 'excel', 'tableau', 'power bi']","{'analyst_tools': ['excel', 'tableau', 'power bi'], 'programming': ['sql', 'python', 'r']}",Aug
Data Engineer,Data Engineer,"Arlington, VA",via LinkedIn,Full-time,False,Sudan,2023-06-26 14:22:54,False,False,Sudan,year,140000.0,,Intelletec,"['mongodb', 'mongodb', 'python', 'r', 'sql', 'mysql', 'mariadb', 'oracle', 'spark', 'tableau', 'kubernetes']","{'analyst_tools': ['tableau'], 'cloud': ['oracle'], 'databases': ['mongodb', 'mysql', 'mariadb'], 'libraries': ['spark'], 'other': ['kubernetes'], 'programming': ['mongodb', 'python', 'r', 'sql']}",Jun
Senior Data Scientist,Senior Data Expert,"Berlin, Germany",via Jobs Trabajo.org,Full-time,False,Germany,2023-10-27 13:13:25,False,False,Germany,,,,SIXT Germany,"['sql', 'excel', 'looker', 'sap']","{'analyst_tools': ['excel', 'looker', 'sap'], 'programming': ['sql']}",Oct
Data Analyst,Data Analyst/Report Writer,"Austin, TX",via Jobs Trabajo.org,Full-time,False,"Texas, United States",2023-08-07 13:18:27,True,False,United States,,,,Nesco Resource,"['sas', 'sas', 'word', 'excel']","{'analyst_tools': ['sas', 'word', 'excel'], 'programming': ['sas']}",Aug
Data Engineer,Director - Enterprise Architecture and Data Engineering,"Chennai, Tamil Nadu, India",via Indeed,Full-time,False,India,2023-05-11 13:20:16,False,False,India,,,,Ford Motor Company,"['gcp', 'graphql', 'kubernetes']","{'cloud': ['gcp'], 'libraries': ['graphql'], 'other': ['kubernetes']}",May
Data Analyst,Business Data Analyst,"Regina, SK, Canada",via ZipRecruiter,Full-time,False,Canada,2023-03-01 13:28:04,False,False,Canada,,,,027 Parks Culture and Sport,,,Mar
Data Engineer,Cbi Application Data Design Engineer,Singapore,via BeBee Singapore,Full-time,False,Singapore,2023-12-24 13:17:39,False,False,Singapore,,,,Siemens,,,Dec
Software Engineer,Senior DevOps Engineer,Egypt  (+1 other),via Levels.fyi,Full-time,False,Egypt,2023-11-01 13:13:36,False,False,Egypt,,,,2U,"['bash', 'python', 'aws', 'linux', 'splunk', 'github', 'jenkins', 'kubernetes', 'docker', 'ansible', 'terraform']","{'analyst_tools': ['splunk'], 'cloud': ['aws'], 'os': ['linux'], 'other': ['github', 'jenkins', 'kubernetes', 'docker', 'ansible', 'terraform'], 'programming': ['bash', 'python']}",Nov
Data Scientist,Data Science,Brazil,via BeBee,Full-time,False,Brazil,2023-01-23 13:20:12,False,False,Brazil,,,,Pfizer,"['python', 'r', 'sql', 'javascript', 'aws', 'snowflake', 'react', 'airflow', 'angular', 'git', 'jenkins', 'kubernetes']","{'cloud': ['aws', 'snowflake'], 'libraries': ['react', 'airflow'], 'other': ['git', 'jenkins', 'kubernetes'], 'programming': ['python', 'r', 'sql', 'javascript'], 'webframeworks': ['angular']}",Jan
Machine Learning Engineer,Machine Learning Engineer/Scientist High Performance Computing,Anywhere,via LinkedIn,Full-time,True,Canada,2023-11-21 13:13:33,False,False,Canada,,,,Haiper,"['python', 'pytorch']","{'libraries': ['pytorch'], 'programming': ['python']}",Nov
Data Engineer,Data Engineer,"Ridgefield Park, NJ",via SimplyHired,Full-time and Temp work,False,Sudan,2023-12-22 13:58:46,False,False,Sudan,,,,Smartfox LLC,"['java', 'python', 'php', 'sql', 'shell', 'gcp', 'aws', 'spark', 'hadoop', 'kafka', 'linux']","{'cloud': ['gcp', 'aws'], 'libraries': ['spark', 'hadoop', 'kafka'], 'os': ['linux'], 'programming': ['java', 'python', 'php', 'sql', 'shell']}",Dec
Data Scientist,Data Science Team Lead,Singapore,via LinkedIn,Full-time,False,Singapore,2023-03-23 13:47:01,False,False,Singapore,,,,GovTech Singapore,"['r', 'python', 'tableau', 'qlik']","{'analyst_tools': ['tableau', 'qlik'], 'programming': ['r', 'python']}",Mar
Senior Data Engineer,Senior Data Engineer - Reporting - EG,Anywhere,via LinkedIn,Full-time,True,Mexico,2023-03-29 14:10:32,False,False,Mexico,,,,Gorilla Logic,"['python', 'java', 'sql', 'javascript', 'azure', 'aws', 'databricks', 'snowflake', 'redshift', 'bigquery', 'spark', 'jupyter', 'tensorflow', 'react', 'angular', 'vue', 'tableau', 'power bi']","{'analyst_tools': ['tableau', 'power bi'], 'cloud': ['azure', 'aws', 'databricks', 'snowflake', 'redshift', 'bigquery'], 'libraries': ['spark', 'jupyter', 'tensorflow', 'react'], 'programming': ['python', 'java', 'sql', 'javascript'], 'webframeworks': ['angular', 'vue']}",Mar
Senior Data Engineer,Senior/Lead Data Engineer,"Dover, DE",via SaluteMyJob,Full-time and Part-time,False,"Illinois, United States",2023-12-04 13:08:34,False,True,United States,,,,Capital One,"['java', 'scala', 'python', 'nosql', 'sql', 'mongo', 'shell', 'mysql', 'cassandra', 'redshift', 'snowflake', 'aws', 'azure', 'hadoop', 'kafka', 'spark', 'unix', 'linux']","{'cloud': ['redshift', 'snowflake', 'aws', 'azure'], 'databases': ['mysql', 'cassandra'], 'libraries': ['hadoop', 'kafka', 'spark'], 'os': ['unix', 'linux'], 'programming': ['java', 'scala', 'python', 'nosql', 'sql', 'mongo', 'shell']}",Dec
Data Scientist,Data Scientist,Australia,via BeBee Australia,Full-time,False,Australia,2023-11-25 13:12:03,False,False,Australia,,,,Concurrent Technologies Corporation,"['python', 'sql', 'r', 'java', 'bash', 'react', 'hadoop', 'spark', 'unix', 'tableau', 'git']","{'analyst_tools': ['tableau'], 'libraries': ['react', 'hadoop', 'spark'], 'os': ['unix'], 'other': ['git'], 'programming': ['python', 'sql', 'r', 'java', 'bash']}",Nov
Data Scientist,Data Scientist,"Temuco, Chile",via BeBee Chile,Full-time,False,Chile,2023-01-06 14:07:40,False,False,Chile,,,,Talently,"['sql', 'python', 'tensorflow', 'numpy', 'pandas', 'excel', 'tableau']","{'analyst_tools': ['excel', 'tableau'], 'libraries': ['tensorflow', 'numpy', 'pandas'], 'programming': ['sql', 'python']}",Jan
Data Engineer,Remote - Data Engineer - Permanent - W2,Anywhere,via LinkedIn,Full-time,True,"Illinois, United States",2023-02-21 13:29:59,False,True,United States,year,120000.0,,Apex Systems,"['sql', 'python']","{'programming': ['sql', 'python']}",Feb
Data Analyst,IT Finance / TBM Data Analyst - Remote | WFH,Anywhere,via LinkedIn,Full-time,True,"New York, United States",2023-06-10 13:00:05,False,False,United States,,,,Get It Recruit - Information Technology,"['oracle', 'azure', 'power bi', 'excel', 'word', 'powerpoint']","{'analyst_tools': ['power bi', 'excel', 'word', 'powerpoint'], 'cloud': ['oracle', 'azure']}",Jun
Data Engineer,Data Engineer - Cloud Operations,"Lehi, UT",via LinkedIn,Full-time,False,"Texas, United States",2023-03-18 13:08:17,False,False,United States,,,,Adobe,"['javascript', 'python', 'sql', 'aws', 'azure', 'power bi', 'tableau']","{'analyst_tools': ['power bi', 'tableau'], 'cloud': ['aws', 'azure'], 'programming': ['javascript', 'python', 'sql']}",Mar
Data Engineer,Data Engineer,"Mumbai, Maharashtra, India",via Crimsoniteam.freshteam.com,Full-time,False,India,2023-07-31 13:35:48,False,False,India,,,,Crimson Interactive Inc,"['nosql', 'mongodb', 'mongodb', 'elasticsearch', 'mysql', 'redis', 'neo4j', 'hadoop', 'kafka', 'tableau', 'docker', 'kubernetes']","{'analyst_tools': ['tableau'], 'databases': ['mongodb', 'elasticsearch', 'mysql', 'redis', 'neo4j'], 'libraries': ['hadoop', 'kafka'], 'other': ['docker', 'kubernetes'], 'programming': ['nosql', 'mongodb']}",Jul
Data Engineer,Data Engineer,"Torrance, CA",via LinkedIn,Full-time,False,Sudan,2023-06-15 14:03:55,False,False,Sudan,,,,King's Hawaiian,"['sql', 'r', 'python', 'sql server', 'azure', 'aws', 'spark', 'sap']","{'analyst_tools': ['sap'], 'cloud': ['azure', 'aws'], 'databases': ['sql server'], 'libraries': ['spark'], 'programming': ['sql', 'r', 'python']}",Jun
Data Analyst,"Systems & Data Analyst - Exploitation, Missing and Youth Justice...",United Kingdom,via Totaljobs,Full-time and Contractor,False,United Kingdom,2023-12-04 13:14:01,True,False,United Kingdom,,,,Solihull Metropolitan Borough Council,,,Dec
Senior Data Engineer,Senior Data Engineer (AWS),"Toronto, ON, Canada",via SmartRecruiters Job Search,Full-time,False,Canada,2023-09-01 13:42:05,True,False,Canada,,,,MUFG Investor Services,"['python', 'aws', 'databricks', 'spark']","{'cloud': ['aws', 'databricks'], 'libraries': ['spark'], 'programming': ['python']}",Sep
Data Engineer,Senior/Staff Data Engineer – Apache Spark (Java/Scala) (Bangkok...,"Miami, FL",via LinkedIn,Full-time,False,"California, United States",2023-09-12 13:09:28,False,False,United States,,,,Agoda,"['scala', 'java', 'golang', 'sql', 'react', 'spark', 'hadoop', 'linux']","{'libraries': ['react', 'spark', 'hadoop'], 'os': ['linux'], 'programming': ['scala', 'java', 'golang', 'sql']}",Sep
